,0
1948-01-01,0.0
1948-02-01,0.0024721799946947447
1948-03-01,0.01841507497791664
1948-04-01,-0.00331445613069826
1948-05-01,-0.05584724337428824
1948-06-01,-0.1337369556376732
1948-07-01,-0.19412274876068963
1948-08-01,-0.22305909777762234
1948-09-01,-0.16845274255635317
1948-10-01,-0.12620972219848145
1948-11-01,-0.0818631647959737
1948-12-01,-0.05419631053776671
1949-01-01,-0.021550412359370358
1949-02-01,-0.011714957802070759
1949-03-01,-0.0006081030975071978
1949-04-01,-0.00624519043282007
1949-05-01,0.006920230722333076
1949-06-01,-0.11051688503601387
1949-07-01,-0.21695389894648723
1949-08-01,-0.25875666143587195
1949-09-01,-0.18433546680285057
1949-10-01,-0.07236835394261332
1949-11-01,-0.03853867847741468
1949-12-01,-0.02751481214314838
1950-01-01,-0.007197181544313933
1950-02-01,-0.0007298853974802535
1950-03-01,-0.001424074990094823
1950-04-01,0.0021140099285791507
1950-05-01,-0.028809707642601358
1950-06-01,-0.12920962669779198
1950-07-01,-0.2612643369226589
1950-08-01,-0.40742797425849786
1950-09-01,-0.32219492244255077
1950-10-01,-0.1602199947449153
1950-11-01,-0.09329164624010722
1950-12-01,-0.054508703792072136
1951-01-01,-0.04380065483194396
1951-02-01,-0.03649701574307983
1951-03-01,-0.03151894210471564
1951-04-01,-0.035149224711002534
1951-05-01,-0.0718983200470801
1951-06-01,-0.15620674308727764
1951-07-01,-0.2019290384755438
1951-08-01,-0.21922885050417507
1951-09-01,-0.2122718221395969
1951-10-01,-0.12209477072244766
1951-11-01,-0.0782135907421916
1951-12-01,-0.06690916779223373
1952-01-01,-0.05635779450202035
1952-02-01,-0.06451915611559203
1952-03-01,-0.08235072500171634
1952-04-01,-0.10357796523018135
1952-05-01,-0.13876980301619815
1952-06-01,-0.19544119884881297
1952-07-01,-0.24758423109132685
1952-08-01,-0.22296259633643284
1952-09-01,-0.15449431218305695
1952-10-01,-0.09035101588936041
1952-11-01,-0.05659425165650574
1952-12-01,-0.051558554438275
1953-01-01,-0.05189002292967007
1953-02-01,-0.056191989607496676
1953-03-01,-0.07048269546688606
1953-04-01,-0.09768399476418729
1953-05-01,-0.23366411752544303
1953-06-01,-0.3805117413834375
1953-07-01,-0.49025143703855967
1953-08-01,-0.4796070416057579
1953-09-01,-0.3804101816578802
1953-10-01,-0.22846926536710468
1953-11-01,-0.1501633174817136
1953-12-01,-0.09796464416196565
1954-01-01,-0.10063068540309603
1954-02-01,-0.09206695547564511
1954-03-01,-0.08956422094664651
1954-04-01,-0.08885053087434046
1954-05-01,-0.09649051898532558
1954-06-01,-0.10855509668191606
1954-07-01,-0.12998246253497645
1954-08-01,-0.14871476449100784
1954-09-01,-0.15827587448527727
1954-10-01,-0.16289721817167735
1954-11-01,-0.1618110438802069
1954-12-01,-0.1546277494857175
1955-01-01,-0.1535019455992105
1955-02-01,-0.1438205567740675
1955-03-01,-0.13714198116797646
1955-04-01,-0.13961874841003036
1955-05-01,-0.14788283903048974
1955-06-01,-0.1598688217295959
1955-07-01,-0.18171671879798243
1955-08-01,-0.20496487854361167
1955-09-01,-0.21262078494799516
1955-10-01,-0.22356615983976227
1955-11-01,-0.21893983416660007
1955-12-01,-0.207935693792093
1956-01-01,-0.2080051814351077
1956-02-01,-0.19508331974120302
1956-03-01,-0.19263378974978676
1956-04-01,-0.184310889516886
1956-05-01,-0.19626734139631996
1956-06-01,-0.2132612021748065
1956-07-01,-0.21768826475032
1956-08-01,-0.23604173228691336
1956-09-01,-0.2587570713636647
1956-10-01,-0.264214307616626
1956-11-01,-0.25962566396634207
1956-12-01,-0.2717065129188473
1957-01-01,-0.2658809230673549
1957-02-01,-0.25865824109403573
1957-03-01,-0.2501972153093071
1957-04-01,-0.24094130371686287
1957-05-01,-0.24465509685742154
1957-06-01,-0.25094446904774215
1957-07-01,-0.27918028768177944
1957-08-01,-0.3169747258615457
1957-09-01,-0.323229406115785
1957-10-01,-0.32910542989401054
1957-11-01,-0.32901514559777284
1957-12-01,-0.32618850918045494
1958-01-01,-0.30519283135659614
1958-02-01,-0.288871232381681
1958-03-01,-0.2724279017507718
1958-04-01,-0.2604286697403308
1958-05-01,-0.25717023856753785
1958-06-01,-0.2634688673080428
1958-07-01,-0.28632903646917773
1958-08-01,-0.3147387663013649
1958-09-01,-0.32778077901632297
1958-10-01,-0.33956406670935885
1958-11-01,-0.33624224717433365
1958-12-01,-0.3253519712519765
1959-01-01,-0.31534227042503615
1959-02-01,-0.3177842350083098
1959-03-01,-0.31464504552969536
1959-04-01,-0.30455974666939417
1959-05-01,-0.31161056757294625
1959-06-01,-0.3306217923267045
1959-07-01,-0.3489987208108644
1959-08-01,-0.3761688568449947
1959-09-01,-0.3866374231305868
1959-10-01,-0.39463780395766584
1959-11-01,-0.3954343206265907
1959-12-01,-0.3941026266948632
1960-01-01,-0.38807375178374315
1960-02-01,-0.3776173626055001
1960-03-01,-0.37259194364369347
1960-04-01,-0.3715374263740746
1960-05-01,-0.3780001392573538
1960-06-01,-0.399187117715412
1960-07-01,-0.419443082013808
1960-08-01,-0.44605563951000393
1960-09-01,-0.46372455561246834
1960-10-01,-0.4772124726764654
1960-11-01,-0.48011391117154295
1960-12-01,-0.44882826407637183
1961-01-01,-0.4369671982097315
1961-02-01,-0.43086102703188484
1961-03-01,-0.42615399917792074
1961-04-01,-0.4218903051901642
1961-05-01,-0.42760249081374574
1961-06-01,-0.44239231130462575
1961-07-01,-0.45837916496400116
1961-08-01,-0.48246882339003166
1961-09-01,-0.49538373665444835
1961-10-01,-0.5017573233106928
1961-11-01,-0.49455543035223765
1961-12-01,-0.48112821840094167
1962-01-01,-0.4584441287712849
1962-02-01,-0.44465743350821796
1962-03-01,-0.42939479748778847
1962-04-01,-0.42558192531887873
1962-05-01,-0.43505489046997825
1962-06-01,-0.45482920742157396
1962-07-01,-0.47845628963151376
1962-08-01,-0.5062248092097238
1962-09-01,-0.5184487396775995
1962-10-01,-0.522575455680193
1962-11-01,-0.5155728601359549
1962-12-01,-0.5122867339933647
1963-01-01,-0.5022776985823718
1963-02-01,-0.4927590274796212
1963-03-01,-0.48380325679752484
1963-04-01,-0.4780781287639299
1963-05-01,-0.4896667969121843
1963-06-01,-0.5077183836266097
1963-07-01,-0.5346295233897737
1963-08-01,-0.5629030890500665
1963-09-01,-0.5678145846154804
1963-10-01,-0.5717564282726953
1963-11-01,-0.5689372070365913
1963-12-01,-0.5636994531751774
1964-01-01,-0.5480299287644611
1964-02-01,-0.5328574069483221
1964-03-01,-0.5261283552998253
1964-04-01,-0.5270773902651171
1964-05-01,-0.5392147394941381
1964-06-01,-0.5562565923863191
1964-07-01,-0.5787864702685613
1964-08-01,-0.6027407375054923
1964-09-01,-0.6141320468546742
1964-10-01,-0.6204111245472507
1964-11-01,-0.6174231003959625
1964-12-01,-0.6135392037199365
1965-01-01,-0.5958659361211426
1965-02-01,-0.581006587033278
1965-03-01,-0.5712785759985409
1965-04-01,-0.5720364812527614
1965-05-01,-0.5852569007050031
1965-06-01,-0.60071027180693
1965-07-01,-0.6249297688537828
1965-08-01,-0.6502021475180069
1965-09-01,-0.6626263470614204
1965-10-01,-0.6703820212903978
1965-11-01,-0.6637551014927104
1965-12-01,-0.6548227308234916
1966-01-01,-0.6361638140551196
1966-02-01,-0.6180605670659632
1966-03-01,-0.6088247585239995
1966-04-01,-0.6093390405828194
1966-05-01,-0.6370807429984913
1966-06-01,-0.6692124255249693
1966-07-01,-0.7112305200613619
1966-08-01,-0.7484343781932477
1966-09-01,-0.7591494535966744
1966-10-01,-0.7530093058461509
1966-11-01,-0.7305007985776153
1966-12-01,-0.7132015966136185
1967-01-01,-0.6902156128244319
1967-02-01,-0.6730587771969254
1967-03-01,-0.6668162830683028
1967-04-01,-0.6708444124070875
1967-05-01,-0.6938611888491114
1967-06-01,-0.7064293287404749
1967-07-01,-0.7571789802447678
1967-08-01,-0.7926156757792926
1967-09-01,-0.8046135463201103
1967-10-01,-0.8003181172282378
1967-11-01,-0.789509701563824
1967-12-01,-0.7713120050654666
1968-01-01,-0.7309338411240969
1968-02-01,-0.7161161313509217
1968-03-01,-0.7079106429744887
1968-04-01,-0.7095993435793226
1968-05-01,-0.7279333674313867
1968-06-01,-0.7445950763871197
1968-07-01,-0.7847291017123766
1968-08-01,-0.8194288616756518
1968-09-01,-0.824232343053242
1968-10-01,-0.8341441689923018
1968-11-01,-0.8203215330360893
1968-12-01,-0.8002983926601575
1969-01-01,-0.7494856241114887
1969-02-01,-0.7242744979387541
1969-03-01,-0.7079968973313329
1969-04-01,-0.7004722710618617
1969-05-01,-0.7306218879427959
1969-06-01,-0.7750600074887128
1969-07-01,-0.8031384017347322
1969-08-01,-0.839314512921293
1969-09-01,-0.8479376155826679
1969-10-01,-0.8405700588347603
1969-11-01,-0.820378869626021
1969-12-01,-0.7995312111900166
1970-01-01,-0.7706135990384223
1970-02-01,-0.7483433633133973
1970-03-01,-0.731950920075203
1970-04-01,-0.7322945170350755
1970-05-01,-0.7504473809671329
1970-06-01,-0.7706234870536283
1970-07-01,-0.8000435308398675
1970-08-01,-0.8305106416029662
1970-09-01,-0.8435659417099721
1970-10-01,-0.8515606614818315
1970-11-01,-0.8427425869535096
1970-12-01,-0.8277749765896196
1971-01-01,-0.8011783620499331
1971-02-01,-0.7803756970193236
1971-03-01,-0.7715667234561104
1971-04-01,-0.7862300878833383
1971-05-01,-0.8093574385316562
1971-06-01,-0.8349390213644002
1971-07-01,-0.8666561647330565
1971-08-01,-0.9050532522737772
1971-09-01,-0.9182229175922872
1971-10-01,-0.92870420868799
1971-11-01,-0.9110605850558376
1971-12-01,-0.8910350927570015
1972-01-01,-0.8591278103167536
1972-02-01,-0.8315169517849152
1972-03-01,-0.8178284807345739
1972-04-01,-0.8186961260685376
1972-05-01,-0.836740762467275
1972-06-01,-0.8589515380959303
1972-07-01,-0.8836129056208973
1972-08-01,-0.9137126692670609
1972-09-01,-0.9274104657525711
1972-10-01,-0.9411376442030917
1972-11-01,-0.935778968406497
1972-12-01,-0.9226251290782534
1973-01-01,-0.8997755388018813
1973-02-01,-0.8761249767166739
1973-03-01,-0.8590645890397229
1973-04-01,-0.8578216814015213
1973-05-01,-0.8570979286959939
1973-06-01,-0.8651222936978059
1973-07-01,-0.8762799503284743
1973-08-01,-0.8944959016849686
1973-09-01,-0.8930274005603119
1973-10-01,-0.8967560142366903
1973-11-01,-0.8801822853476067
1973-12-01,-0.864523161347282
1974-01-01,-0.8415270796347112
1974-02-01,-0.8270671117170796
1974-03-01,-0.8206258743335446
1974-04-01,-0.8386040004748229
1974-05-01,-0.8616032708931963
1974-06-01,-0.8938529658072537
1974-07-01,-0.9338596695800542
1974-08-01,-0.9705014832010023
1974-09-01,-0.9928562607814785
1974-10-01,-1.005592181935557
1974-11-01,-0.9996341466434527
1974-12-01,-0.9788536392031492
1975-01-01,-0.9538117636540728
1975-02-01,-0.9225326891863166
1975-03-01,-0.914035886337966
1975-04-01,-0.9166955620270909
1975-05-01,-0.9334655711843795
1975-06-01,-0.9534499727465473
1975-07-01,-0.9750208503392597
1975-08-01,-1.0000350059750012
1975-09-01,-1.0126026943499438
1975-10-01,-1.0201807781361363
1975-11-01,-1.01686432447095
1975-12-01,-1.0026635789769476
1976-01-01,-0.9823906464571679
1976-02-01,-0.9665688978445869
1976-03-01,-0.9608654069965601
1976-04-01,-0.9614391667460307
1976-05-01,-0.9889628954648408
1976-06-01,-1.0289474404247272
1976-07-01,-1.0595680983638782
1976-08-01,-1.0900228234063638
1976-09-01,-1.0990085404057204
1976-10-01,-1.0958549804213122
1976-11-01,-1.0722640379679833
1976-12-01,-1.0507169900113358
1977-01-01,-1.0283283453701009
1977-02-01,-1.0072192744622939
1977-03-01,-0.9994000199084405
1977-04-01,-0.9632724415578536
1977-05-01,-0.9703406898532788
1977-06-01,-1.028418334508977
1977-07-01,-1.0939478551854562
1977-08-01,-1.1704685711326144
1977-09-01,-1.2344657311593281
1977-10-01,-1.2572237082912217
1977-11-01,-1.2369132414587982
1977-12-01,-1.1988883856414227
1978-01-01,-1.1517678370549418
1978-02-01,-1.1039640243466096
1978-03-01,-1.0774013274095617
1978-04-01,-1.019923668242095
1978-05-01,-0.9641306042887314
1978-06-01,-0.9920419904510395
1978-07-01,-1.041635160530253
1978-08-01,-1.0928744707916116
1978-09-01,-1.142824764681703
1978-10-01,-1.1451034510125746
1978-11-01,-1.1343793503511415
1978-12-01,-1.1123588279232977
1979-01-01,-1.0806779006676568
1979-02-01,-1.056512259516125
1979-03-01,-1.0451894805315067
1979-04-01,-1.045548673702832
1979-05-01,-1.0503918176687754
1979-06-01,-1.0579563721219003
1979-07-01,-1.056805529099449
1979-08-01,-1.0652715650972053
1979-09-01,-1.0653803005398004
1979-10-01,-1.0595828379023964
1979-11-01,-1.05228891139165
1979-12-01,-1.0454400720441113
1980-01-01,-1.0333317802771693
1980-02-01,-1.026070971607752
1980-03-01,-1.0256176013728706
1980-04-01,-1.019407666782676
1980-05-01,-1.018393375416868
1980-06-01,-1.0260562070108368
1980-07-01,-1.02330066048339
1980-08-01,-1.0278516213472813
1980-09-01,-1.033649570338774
1980-10-01,-1.0315251490542667
1980-11-01,-1.024494019905068
1980-12-01,-1.0173285940271228
1981-01-01,-1.006815602713695
1981-02-01,-0.9986369434975472
1981-03-01,-0.9969539778384982
1981-04-01,-1.0042167886024633
1981-05-01,-1.021821000326645
1981-06-01,-1.0455556643216724
1981-07-01,-1.068898855875487
1981-08-01,-1.0929637797390166
1981-09-01,-1.1152178560008
1981-10-01,-1.125338778079251
1981-11-01,-1.1319394779519674
1981-12-01,-1.1366365746611256
1982-01-01,-1.1370379537394915
1982-02-01,-1.1330698677259117
1982-03-01,-1.1343274053619805
1982-04-01,-1.1376116041240953
1982-05-01,-1.1440866732947188
1982-06-01,-1.1440684190753307
1982-07-01,-1.1623346101415362
1982-08-01,-1.1912022417704131
1982-09-01,-1.2086706186701757
1982-10-01,-1.2098060616803026
1982-11-01,-1.2012059375690904
1982-12-01,-1.1925404358498461
1983-01-01,-1.1759777143346677
1983-02-01,-1.164090374427647
1983-03-01,-1.1472568998471089
1983-04-01,-1.142206178245503
1983-05-01,-1.145944205553367
1983-06-01,-1.163645825275871
1983-07-01,-1.1789645578740382
1983-08-01,-1.1964782280611532
1983-09-01,-1.2129833371364722
1983-10-01,-1.2107217588600097
1983-11-01,-1.2005578969947457
1983-12-01,-1.192707903313565
1984-01-01,-1.181426292815291
1984-02-01,-1.1724190875759941
1984-03-01,-1.1699480219507914
1984-04-01,-1.171671943578172
1984-05-01,-1.1787682723516344
1984-06-01,-1.1881429559768264
1984-07-01,-1.2051921004032244
1984-08-01,-1.2225462995761587
1984-09-01,-1.2575266163283885
1984-10-01,-1.2597038731602879
1984-11-01,-1.266178846325244
1984-12-01,-1.254988378910462
1985-01-01,-1.2383197708042932
1985-02-01,-1.2299565301555184
1985-03-01,-1.2286879646882904
1985-04-01,-1.2360814685949895
1985-05-01,-1.244837598598517
1985-06-01,-1.2719817458137035
1985-07-01,-1.2925928219563927
1985-08-01,-1.313831327567816
1985-09-01,-1.3240787333158803
1985-10-01,-1.3278720001199875
1985-11-01,-1.320817420980144
1985-12-01,-1.3212670139302127
1986-01-01,-1.3102114810424217
1986-02-01,-1.3013801036852566
1986-03-01,-1.3014502833327348
1986-04-01,-1.3042894121011368
1986-05-01,-1.3148165070363351
1986-06-01,-1.3385466932668657
1986-07-01,-1.3523915000834814
1986-08-01,-1.3747988115451464
1986-09-01,-1.3876040099235503
1986-10-01,-1.3932947507448068
1986-11-01,-1.3874281582172978
1986-12-01,-1.383035746194851
1987-01-01,-1.3734556819540436
1987-02-01,-1.3669890658176218
1987-03-01,-1.3668845274472607
1987-04-01,-1.370302996027216
1987-05-01,-1.3782937113383156
1987-06-01,-1.4028298386298261
1987-07-01,-1.421121134850971
1987-08-01,-1.4409095907601657
1987-09-01,-1.4590170925429455
1987-10-01,-1.4616332419923872
1987-11-01,-1.4566854024641493
1987-12-01,-1.450424966540712
1988-01-01,-1.4419081025070202
1988-02-01,-1.4362156784137916
1988-03-01,-1.4350117791019428
1988-04-01,-1.440022890642563
1988-05-01,-1.4458440401239665
1988-06-01,-1.450488953586947
1988-07-01,-1.46272165435303
1988-08-01,-1.4886622115616175
1988-09-01,-1.5037103761255197
1988-10-01,-1.5110855984597447
1988-11-01,-1.5057205210874791
1988-12-01,-1.501124791529025
1989-01-01,-1.4820599621806283
1989-02-01,-1.475168309572734
1989-03-01,-1.474921585741532
1989-04-01,-1.4792460367845397
1989-05-01,-1.4897719532874847
1989-06-01,-1.506966838028045
1989-07-01,-1.5290719525291174
1989-08-01,-1.5494855143167332
1989-09-01,-1.5691755536497833
1989-10-01,-1.5805379480164783
1989-11-01,-1.5791368684897569
1989-12-01,-1.576767982234228
1990-01-01,-1.5758788565747457
1990-02-01,-1.5739229121165368
1990-03-01,-1.577883776100061
1990-04-01,-1.5807250004233049
1990-05-01,-1.5934407477547798
1990-06-01,-1.6173259629336665
1990-07-01,-1.642468772179343
1990-08-01,-1.6614108476450753
1990-09-01,-1.6840785265758573
1990-10-01,-1.6868964733068244
1990-11-01,-1.6874467788835406
1990-12-01,-1.6682563513410524
1991-01-01,-1.663132028425796
1991-02-01,-1.6598381829621447
1991-03-01,-1.6568111197351247
1991-04-01,-1.661428641593036
1991-05-01,-1.6667779472453526
1991-06-01,-1.6831054130680725
1991-07-01,-1.6880813442959928
1991-08-01,-1.71220514130462
1991-09-01,-1.7316256374475956
1991-10-01,-1.7293252138276616
1991-11-01,-1.7256516390116745
1991-12-01,-1.7243989927078514
1992-01-01,-1.721974893222266
1992-02-01,-1.7213445909194334
1992-03-01,-1.7235675221164353
1992-04-01,-1.724194268059111
1992-05-01,-1.7280084218399496
1992-06-01,-1.7295924770982793
1992-07-01,-1.7399351777419065
1992-08-01,-1.7502740404432888
1992-09-01,-1.7586230151517646
1992-10-01,-1.7564681414329075
1992-11-01,-1.7499463360125576
1992-12-01,-1.7375529328501842
1993-01-01,-1.722403139091427
1993-02-01,-1.7162647578620343
1993-03-01,-1.718423605824557
1993-04-01,-1.7032868637811023
1993-05-01,-1.7114306398309653
1993-06-01,-1.71505742157232
1993-07-01,-1.7183977900186929
1993-08-01,-1.7257254192089369
1993-09-01,-1.738592737186619
1993-10-01,-1.7357446636954497
1993-11-01,-1.7266141635588517
1993-12-01,-1.7294944483456864
1994-01-01,-1.7217648655853761
1994-02-01,-1.7185427555870652
1994-03-01,-1.720728290856363
1994-04-01,-1.7195823876815994
1994-05-01,-1.7341331927025831
1994-06-01,-1.7484480164819487
1994-07-01,-1.763046374623339
1994-08-01,-1.7778825498726627
1994-09-01,-1.7872420904268878
1994-10-01,-1.7870921690521422
1994-11-01,-1.7829222211768085
1994-12-01,-1.7920386974320108
1995-01-01,-1.7946668423504382
1995-02-01,-1.7964273333675178
1995-03-01,-1.795921128623266
1995-04-01,-1.7972797444277742
1995-05-01,-1.793263355749758
1995-06-01,-1.7886177909399963
1995-07-01,-1.802360912144712
1995-08-01,-1.8048096223938412
1995-09-01,-1.8172272705875347
1995-10-01,-1.8081683348439466
1995-11-01,-1.7984753906285535
1995-12-01,-1.7947249913415848
1996-01-01,-1.785752914493703
1996-02-01,-1.7814260690693722
1996-03-01,-1.780948004843882
1996-04-01,-1.7816687834143696
1996-05-01,-1.7951322521844135
1996-06-01,-1.8115949976955015
1996-07-01,-1.8249834361102228
1996-08-01,-1.8232104522762733
1996-09-01,-1.8470338251377774
1996-10-01,-1.858480857633174
1996-11-01,-1.8726095462381829
1996-12-01,-1.8742057446051237
1997-01-01,-1.8725690239597303
1997-02-01,-1.8741142444045857
1997-03-01,-1.8796791077150161
1997-04-01,-1.8821327384148512
1997-05-01,-1.8933202666153053
1997-06-01,-1.9030061252042212
1997-07-01,-1.9119605784459544
1997-08-01,-1.92992787528056
1997-09-01,-1.9524961070421212
1997-10-01,-1.9530941532949144
1997-11-01,-1.9298692370999229
1997-12-01,-1.9548253110264913
1998-01-01,-1.9431473985482364
1998-02-01,-1.9414078241476111
1998-03-01,-1.9461452105291093
1998-04-01,-1.9466777464703577
1998-05-01,-1.9475074304595112
1998-06-01,-1.9647613919687976
1998-07-01,-1.9643580033634482
1998-08-01,-1.9635504472805894
1998-09-01,-1.975272071352411
1998-10-01,-1.9678861076816625
1998-11-01,-1.960625252019844
1998-12-01,-1.9608412844483294
1999-01-01,-1.9604594969464277
1999-02-01,-1.9547993134310278
1999-03-01,-1.9542486059089514
1999-04-01,-1.958240233778404
1999-05-01,-1.964979302047912
1999-06-01,-1.985262473955257
1999-07-01,-2.0030518766972847
1999-08-01,-2.003030997071083
1999-09-01,-2.020667411111836
1999-10-01,-2.035877576352614
1999-11-01,-2.0373975406851303
1999-12-01,-2.0364560403731597
2000-01-01,-2.0231657160690024
2000-02-01,-2.025243058004539
2000-03-01,-2.03090127353663
2000-04-01,-2.034073204651639
2000-05-01,-2.0536027697568295
2000-06-01,-2.0612407273350537
2000-07-01,-2.0776493789557424
2000-08-01,-2.0992107907866244
2000-09-01,-2.110934624337811
2000-10-01,-2.120833058728472
2000-11-01,-2.108257190215752
2000-12-01,-2.1202201247557952
2001-01-01,-2.1197314374554317
2001-02-01,-2.121111062123762
2001-03-01,-2.12853665974045
2001-04-01,-2.1317654062587463
2001-05-01,-2.149441120344424
2001-06-01,-2.15560628671183
2001-07-01,-2.172791005200941
2001-08-01,-2.1879525011708147
2001-09-01,-2.193559885156599
2001-10-01,-2.19638029959841
2001-11-01,-2.1928540182536564
2001-12-01,-2.1994947845769
2002-01-01,-2.202649755018229
2002-02-01,-2.2060623838883173
2002-03-01,-2.2110651689116123
2002-04-01,-2.2137501620103395
2002-05-01,-2.228438784443152
2002-06-01,-2.2479521531600284
2002-07-01,-2.2480446667164435
2002-08-01,-2.2546030504232077
2002-09-01,-2.306229699313938
2002-10-01,-2.310249073574413
2002-11-01,-2.344405394832464
2002-12-01,-2.3243157562754635
2003-01-01,-2.3086708001559186
2003-02-01,-2.309237308422338
2003-03-01,-2.3188311970886732
2003-04-01,-2.326793846665072
2003-05-01,-2.3431538094211057
2003-06-01,-2.360168016911508
2003-07-01,-2.3760536073249776
2003-08-01,-2.3894418170769978
2003-09-01,-2.3977863923207217
2003-10-01,-2.3990910363577123
2003-11-01,-2.3980796443931762
2003-12-01,-2.402073794887946
2004-01-01,-2.405112602315882
2004-02-01,-2.407207198702857
2004-03-01,-2.413900274524459
2004-04-01,-2.4189674621091393
2004-05-01,-2.432357093609844
2004-06-01,-2.4412021694745207
2004-07-01,-2.4384972410182693
2004-08-01,-2.4402527596029993
2004-09-01,-2.4526615781160492
2004-10-01,-2.462410352289615
2004-11-01,-2.453590127751363
2004-12-01,-2.458031926139592
2005-01-01,-2.433354049643244
2005-02-01,-2.4288713025525817
2005-03-01,-2.409005749177013
2005-04-01,-2.4118554965234478
2005-05-01,-2.424826219386793
2005-06-01,-2.4336586776775366
2005-07-01,-2.3902237150336982
2005-08-01,-2.3865226539753914
2005-09-01,-2.423369450468113
2005-10-01,-2.434143913236983
2005-11-01,-2.417915582184285
2005-12-01,-2.416048139980793
2006-01-01,-2.396849926481695
2006-02-01,-2.386720233640461
2006-03-01,-2.389301184081864
2006-04-01,-2.3917954123479443
2006-05-01,-2.4060324173507985
2006-06-01,-2.4141260597341327
2006-07-01,-2.4253914583525686
2006-08-01,-2.436298906696583
2006-09-01,-2.4575081232621745
2006-10-01,-2.456777661445769
2006-11-01,-2.455429762492768
2006-12-01,-2.460767290100517
2007-01-01,-2.4643398848453852
2007-02-01,-2.4661684725880115
2007-03-01,-2.4741238212053505
2007-04-01,-2.4730981567718127
2007-05-01,-2.4876363472116445
2007-06-01,-2.501807454452813
2007-07-01,-2.4857746574703254
2007-08-01,-2.4888974755912767
2007-09-01,-2.532601079589845
2007-10-01,-2.545812430947097
2007-11-01,-2.531333014404113
2007-12-01,-2.544609230450366
2008-01-01,-2.5514453816141605
2008-02-01,-2.551872147687798
2008-03-01,-2.556266151802618
2008-04-01,-2.561278733844686
2008-05-01,-2.5680661445507535
2008-06-01,-2.589641852632984
2008-07-01,-2.6079995656108124
2008-08-01,-2.62525194907841
2008-09-01,-2.6406500239766464
2008-10-01,-2.640805995638695
2008-11-01,-2.6390531529679424
2008-12-01,-2.6409304210876643
2009-01-01,-2.6490073947823713
2009-02-01,-2.64711980867181
2009-03-01,-2.6508847569743312
2009-04-01,-2.6554207604252817
2009-05-01,-2.671780878511122
2009-06-01,-2.6880795395508605
2009-07-01,-2.6991633964627497
2009-08-01,-2.7060583454074116
2009-09-01,-2.717874748603895
2009-10-01,-2.7173970801525447
2009-11-01,-2.715136998563526
2009-12-01,-2.7150452679937525
2010-01-01,-2.720314908583685
2010-02-01,-2.7151954912576235
2010-03-01,-2.7207414869149433
2010-04-01,-2.721353321379517
2010-05-01,-2.723990600481203
2010-06-01,-2.7223652556226074
2010-07-01,-2.727892766900177
2010-08-01,-2.7399848379883704
2010-09-01,-2.744837313484957
2010-10-01,-2.759471593237186
2010-11-01,-2.747253424419457
2010-12-01,-2.7514583684460114
2011-01-01,-2.7497877769290255
2011-02-01,-2.742454885816898
2011-03-01,-2.743147215251077
2011-04-01,-2.743571331063323
2011-05-01,-2.7466953723095693
2011-06-01,-2.7305049035819975
2011-07-01,-2.729151005199446
2011-08-01,-2.739540908434937
2011-09-01,-2.773048108366975
2011-10-01,-2.787907084548455
2011-11-01,-2.764056244209366
2011-12-01,-2.7853749680259807
2012-01-01,-2.7900873103623587
2012-02-01,-2.7840542819408816
2012-03-01,-2.7853847756109795
2012-04-01,-2.789923792066019
2012-05-01,-2.7971834971548564
2012-06-01,-2.8139037791066195
2012-07-01,-2.829952192282176
2012-08-01,-2.8378537454462576
2012-09-01,-2.8496032687601516
2012-10-01,-2.8494139401326946
2012-11-01,-2.848278080844441
2012-12-01,-2.8476457943021924
2013-01-01,-2.8512774822643463
2013-02-01,-2.8471378543870367
2013-03-01,-2.8557897658230904
2013-04-01,-2.85842923468261
2013-05-01,-2.8722823163564346
2013-06-01,-2.8766882361018786
2013-07-01,-2.8940846647209995
2013-08-01,-2.911980125178511
2013-09-01,-2.9244686149405488
2013-10-01,-2.9246078206508765
2013-11-01,-2.9197177238320315
2013-12-01,-2.922817971537066
2014-01-01,-2.925903391567601
2014-02-01,-2.9209722594418883
2014-03-01,-2.9290433994493776
2014-04-01,-2.9324369350519874
2014-05-01,-2.9459973946034212
2014-06-01,-2.9513283662365173
2014-07-01,-2.9215791314533863
2014-08-01,-2.9453689866497785
2014-09-01,-2.9743910411861147
2014-10-01,-2.978805085948243
2014-11-01,-2.981689852196346
2014-12-01,-2.97067569374054
2015-01-01,-3.005314836613201
2015-02-01,-3.0003856669500513
2015-03-01,-3.008058359420928
2015-04-01,-3.005287165220713
2015-05-01,-3.022079502702781
2015-06-01,-3.028724180350608
2015-07-01,-3.04212105726197
2015-08-01,-3.05798322755599
2015-09-01,-3.0687434941145537
2015-10-01,-3.0711716171691363
2015-11-01,-3.065472589499683
2015-12-01,-3.065837053561316
2016-01-01,-3.0702140405641063
2016-02-01,-3.0660519066375467
2016-03-01,-3.069967184566352
2016-04-01,-3.0362261732952014
2016-05-01,-3.041956318536085
2016-06-01,-3.012332081423548
2016-07-01,-3.0107807776318993
2016-08-01,-3.008840538794878
2016-09-01,-3.038953295030544
2016-10-01,-3.0515367152030874
2016-11-01,-3.0322801088354314
2016-12-01,-3.04206890020995
2017-01-01,-3.0762319409548047
2017-02-01,-3.073654111736071
2017-03-01,-3.078260114800248
2017-04-01,-3.067326205921621
2017-05-01,-3.0716561019064117
2017-06-01,-3.0859965957664293
2017-07-01,-3.032290221626981
2017-08-01,-3.033978448358568
2017-09-01,-3.064655424323842
2017-10-01,-3.0771929558270195
2017-11-01,-3.061615639635012
2017-12-01,-3.077895975230741
2018-01-01,-3.1665697477756827
2018-02-01,-3.1635902024448237
2018-03-01,-3.1753017708008633
2018-04-01,-3.0379747811828453
2018-05-01,-3.013075681640361
2018-06-01,-3.0238629592590636
2018-07-01,-3.030251042828216
2018-08-01,-3.0065891357240533
2018-09-01,-3.03629858502086
2018-10-01,-3.052389194132854
2018-11-01,-3.039696476688468
2018-12-01,-3.0293126488220343
2019-01-01,-3.048268191143695
2019-02-01,-3.0273296514321206
2019-03-01,-3.0414887492776437
2019-04-01,-3.0201258074733204
2019-05-01,-3.0070753458868
2019-06-01,-3.0185463385364915
2019-07-01,-3.01933363469138
2019-08-01,-3.007413370474581
2019-09-01,-3.0271822481695176
2019-10-01,-3.0361994533027294
2019-11-01,-3.016078445246289
2019-12-01,-3.0149758417718107
2020-01-01,-3.029402840501054
