,Longitude,Latitude
3.73338E+14,-113.7216329,37.56053149
3.73357E+14,-113.7105215,37.56580919
3.73415E+14,-113.725522,37.57080896
3.73415E+14,-113.725522,37.57080896
3.73418E+14,-113.719133,37.5716423
3.73419E+14,-113.7291333,37.57192
3.73424E+14,-113.746634,37.57330875
3.73426E+14,-113.741356,37.5738643
3.73426E+14,-113.7485785,37.57386428
3.73426E+14,-113.7488563,37.57386427
3.73428E+14,-113.7613569,37.5744197
3.73431E+14,-113.7105215,37.57525338
3.73431E+14,-113.7105215,37.57525338
3.73432E+14,-113.709966,37.57553116
3.73432E+14,-113.709966,37.57553116
3.73432E+14,-113.755801,37.57553085
3.73442E+14,-113.721633,37.57830878
3.73442E+14,-113.721633,37.57830878
3.73443E+14,-113.7196886,37.57858656
3.73444E+14,-113.721633,37.5788643
3.73446E+14,-113.7141328,37.5794199
3.73446E+14,-113.7141328,37.5794199
3.73446E+14,-113.720522,37.57941987
3.73446E+14,-113.721633,37.57941986
3.73447E+14,-113.7071881,37.5796977
3.7345E+14,-113.6888541,37.58053117
3.73457E+14,-113.7074659,37.5824754
3.73457E+14,-113.7049659,37.5835865
3.73457E+14,-113.7135773,37.58247539
3.73458E+14,-113.8669173,37.5827521
3.73507E+14,-113.681076,37.5852533
3.7351E+14,-113.6991323,37.5860865
3.73513E+14,-113.6905209,37.58691987
3.73517E+14,-113.6913543,37.58803095
3.73524E+14,-113.7010769,37.58997527
3.73524E+14,-113.7044103,37.58997525
3.73524E+14,-113.7077438,37.5899752
3.73524E+14,-113.7124662,37.58997519
3.73527E+14,-113.698299,37.5908086
3.73543E+14,-113.6938545,37.59525296
3.73554E+14,-113.703577,37.59830836
3.73608E+14,-113.6927434,37.6021972
3.73617E+14,-113.6982992,37.6046971
3.73618E+14,-113.6624645,37.60497516
3.73619E+14,-113.6835764,37.60525277
3.73621E+14,-113.6930212,37.60580824
3.73624E+14,-113.7002437,37.6066415
3.73624E+14,-113.7013548,37.60664149
3.7363E+14,-113.6535754,37.60830848
3.73641E+14,-113.7057995,37.61136355
3.73641E+14,-113.7060773,37.61136355
3.73643E+14,-113.6988548,37.61191915
3.73644E+14,-113.6630202,37.61219719
3.73644E+14,-113.6799652,37.61219706
3.73644E+14,-113.6882989,37.612197
3.73646E+14,-113.6688537,37.61275269
3.73654E+14,-113.6852432,37.6149747
3.73656E+14,-113.6852432,37.61553027
3.73656E+14,-113.698577,37.61553016
3.73701E+14,-113.6513532,37.61691938
3.73707E+14,-113.6621869,37.6185859
3.73708E+14,-113.6613535,37.6188637
3.73709E+14,-113.6760763,37.61914135
3.73709E+14,-113.6844099,37.61914129
3.7371E+14,-113.696077,37.61941897
3.7371E+14,-113.6982993,37.61941895
3.7371E+14,-113.7019105,37.6194189
3.73723E+14,-113.6488532,37.62303036
3.73735E+14,-113.6613536,37.6263635
3.73735E+14,-113.6835766,37.6263633
3.73735E+14,-113.6930214,37.62636325
3.73736E+14,-113.6655204,37.62664124
3.73749E+14,-113.6563535,37.6302523
3.73802E+14,-113.6521867,37.63386339
3.73802E+14,-113.6527423,37.63386338
3.73802E+14,-113.6699651,37.63386324
3.73802E+14,-113.6749653,37.6338632
3.73802E+14,-113.678021,37.63386318
3.73802E+14,-113.6930215,37.63386305
3.73803E+14,-113.6594092,37.6341411
3.73826E+14,-113.6905215,37.64052956
3.73827E+14,-113.6699652,37.6408075
3.73828E+14,-113.6599649,37.64108536
3.73828E+14,-113.6771877,37.6410852
3.73853E+14,-113.6344085,37.64802985
3.73853E+14,-113.6344085,37.64802985
3.73854E+14,-113.6882993,37.64830715
3.73855E+14,-113.6605205,37.64858516
3.73903E+14,-113.6435755,37.65080748
3.73903E+14,-113.6435755,37.65080748
3.73908E+14,-113.6766322,37.65219604
3.7392E+14,-113.6699654,37.65552935
3.7392E+14,-113.6791324,37.65552926
3.73921E+14,-113.6510759,37.65580728
3.73921E+14,-113.659965,37.6558072
3.73921E+14,-113.6607984,37.6558072
3.73925E+14,-113.7260784,37.6569177
3.73936E+14,-113.6838548,37.65997355
3.73947E+14,-113.6607985,37.6630292
3.73947E+14,-113.6607985,37.6630292
3.73947E+14,-113.6699655,37.66302915
3.73948E+14,-113.6069078,37.66330749
3.73948E+14,-113.6516315,37.66330709
3.73948E+14,-113.6619096,37.66330699
3.73953E+14,-113.6696877,37.66469578
3.73953E+14,-113.6699655,37.66469577
3.74E+14,-113.6607985,37.66664025
3.74E+14,-113.6844104,37.66664
3.74011E+14,-113.6169083,37.6696961
3.74012E+14,-113.584685,37.6699742
3.74012E+14,-113.6749657,37.66997337
3.74014E+14,-113.584685,37.67052974
3.74014E+14,-113.584685,37.67052974
3.74014E+14,-113.63802,37.67052925
3.74014E+14,-113.6424647,37.6705292
3.74014E+14,-113.6544095,37.6705291
3.74015E+14,-113.647187,37.6708069
3.74015E+14,-113.6552429,37.67080686
3.74016E+14,-113.648576,37.67108469
3.74017E+14,-113.5974632,37.6713629
3.7402E+14,-113.5760736,37.67219645
3.74026E+14,-113.6244086,37.6738626
3.74026E+14,-113.6660766,37.67414
3.74029E+14,-113.6380201,37.6746958
3.74029E+14,-113.6380201,37.6746958
3.74032E+14,-113.6749658,37.67552878
3.74033E+14,-113.6582986,37.6758067
3.74035E+14,-113.6582986,37.67636225
3.7404E+14,-113.5760737,37.67775187
3.7404E+14,-113.5760737,37.67775187
3.7404E+14,-113.6557985,37.6777511
3.7404E+14,-113.6560763,37.6777511
3.7404E+14,-113.665521,37.677751
3.74041E+14,-113.566629,37.6780297
3.74041E+14,-113.6271865,37.67802916
3.74041E+14,-113.7160782,37.6780283
3.74041E+14,-113.7160782,37.6780283
3.74042E+14,-113.5877408,37.6783073
3.74048E+14,-113.587463,37.6799739
3.74053E+14,-113.6380202,37.6813623
3.74053E+14,-113.6702435,37.681362
3.74053E+14,-113.6702435,37.681362
3.74053E+14,-113.693022,37.68136179
3.74053E+14,-113.6982999,37.6813617
3.74055E+14,-113.6546874,37.68191769
3.74056E+14,-113.6527429,37.68219548
3.74058E+14,-113.6635766,37.6827509
3.74102E+14,-113.6557986,37.68386208
3.74104E+14,-113.655243,37.6844176
3.74105E+14,-113.6535763,37.6846954
3.74106E+14,-113.6713547,37.684973
3.74107E+14,-113.6655211,37.6852508
3.74108E+14,-113.6716324,37.68552855
3.74112E+14,-113.6752437,37.6866396
3.74118E+14,-113.6619099,37.68830635
3.74119E+14,-113.6471873,37.68858426
3.74119E+14,-113.647465,37.68858426
3.74127E+14,-113.5652403,37.6908072
3.74128E+14,-113.6530208,37.69108414
3.7413E+14,-113.6594099,37.6916396
3.74131E+14,-113.5921856,37.69191805
3.74131E+14,-113.6519097,37.69191746
3.74131E+14,-113.6555209,37.6919174
3.74132E+14,-113.6507985,37.69219525
3.74132E+14,-113.651354,37.69219524
3.74132E+14,-113.6516319,37.6921952
3.74132E+14,-113.6607988,37.69219515
3.74132E+14,-113.6607988,37.69219515
3.74132E+14,-113.6688547,37.69219507
3.74132E+14,-113.693022,37.6921948
3.74132E+14,-113.6932999,37.6921948
3.74133E+14,-113.6555209,37.69247297
3.74133E+14,-113.6560765,37.69247296
3.74133E+14,-113.6613544,37.6924729
3.74133E+14,-113.6613544,37.6924729
3.74133E+14,-113.6616322,37.6924729
3.74133E+14,-113.6616322,37.6924729
3.74134E+14,-113.6688547,37.6927506
3.74134E+14,-113.6983,37.6927503
3.74135E+14,-113.6016303,37.69302904
3.74135E+14,-113.6555209,37.6930285
3.74138E+14,-113.6019081,37.69386235
3.74139E+14,-113.6510763,37.6941396
3.7414E+14,-113.5999636,37.6944179
3.7414E+14,-113.6510763,37.6944174
3.7414E+14,-113.6724659,37.6944172
3.74142E+14,-113.6552432,37.6949729
3.74144E+14,-113.66191,37.69552838
3.74145E+14,-113.6724659,37.69580605
3.74145E+14,-113.6730215,37.69580605
3.74148E+14,-113.6352425,37.6966397
3.74148E+14,-113.6663546,37.6966394
3.74155E+14,-113.6246867,37.6985842
3.74157E+14,-113.6527431,37.69913949
3.74159E+14,-113.6530209,37.699695
3.74159E+14,-113.6602434,37.69969496
3.74159E+14,-113.6607989,37.69969495
3.74159E+14,-113.6838552,37.6996947
3.742E+14,-113.6521876,37.6999728
3.74205E+14,-113.6791329,37.70136139
3.74209E+14,-113.5402397,37.70247387
3.74209E+14,-113.5402397,37.70247387
3.74209E+14,-113.5402397,37.70247387
3.74211E+14,-113.663299,37.70302818
3.74213E+14,-113.6613546,37.7035837
3.74214E+14,-113.6446874,37.70386168
3.7422E+14,-113.6463541,37.70552828
3.74222E+14,-113.6513543,37.70608377
3.74224E+14,-113.6432985,37.7066394
3.74224E+14,-113.6471875,37.70663936
3.74225E+14,-113.6505209,37.70691709
3.74226E+14,-113.6519099,37.70719485
3.74226E+14,-113.6519099,37.70719485
3.74227E+14,-113.660799,37.7074725
3.74227E+14,-113.662188,37.7074725
3.74227E+14,-113.669966,37.70747244
3.74227E+14,-113.673855,37.7074724
3.74227E+14,-113.680244,37.7074723
3.74227E+14,-113.6846887,37.70747229
3.74227E+14,-113.691911,37.7074722
3.74227E+14,-113.6921889,37.7074722
3.74227E+14,-113.6921889,37.7074722
3.74228E+14,-113.653021,37.70775038
3.74228E+14,-113.6538544,37.70775037
3.74228E+14,-113.660799,37.7077503
3.74228E+14,-113.6735772,37.70775017
3.74228E+14,-113.7008003,37.7077499
3.74228E+14,-113.701078,37.70774989
3.74229E+14,-113.6755217,37.7080279
3.7423E+14,-113.6541322,37.7083059
3.74231E+14,-113.7058004,37.70858316
3.74232E+14,-113.6510765,37.70886148
3.74233E+14,-113.6546878,37.7091392
3.74233E+14,-113.6549655,37.7091392
3.74235E+14,-113.6610768,37.70969469
3.74237E+14,-113.6546878,37.7102503
3.74246E+14,-113.6566323,37.7127502
3.74249E+14,-113.6566323,37.7135835
3.74249E+14,-113.7044115,37.713583
3.74251E+14,-113.658299,37.71413905
3.74251E+14,-113.658299,37.71413905
3.74252E+14,-113.6502432,37.7144169
3.74252E+14,-113.655799,37.71441685
3.74253E+14,-113.6507988,37.71469467
3.74253E+14,-113.6532989,37.71469465
3.74253E+14,-113.6563545,37.7146946
3.74253E+14,-113.6563545,37.7146946
3.74253E+14,-113.6649659,37.7146945
3.74253E+14,-113.6696883,37.71469448
3.74253E+14,-113.6696883,37.71469448
3.74253E+14,-113.681633,37.71469435
3.74253E+14,-113.6924667,37.71469424
3.74254E+14,-113.7002448,37.7149719
3.74255E+14,-113.6716328,37.71525
3.74255E+14,-113.6719106,37.71524999
3.74255E+14,-113.6719106,37.71524999
3.74256E+14,-113.6719106,37.71552776
3.74306E+14,-113.707745,37.7183051
3.74312E+14,-113.683022,37.7196942
3.74313E+14,-113.6877444,37.7202497
3.74313E+14,-113.6877444,37.7202497
3.74314E+14,-113.6933002,37.7205274
3.74319E+14,-113.5316287,37.72191797
3.74319E+14,-113.6507989,37.7219167
3.74319E+14,-113.6507989,37.7219167
3.74319E+14,-113.6510767,37.7219167
3.74319E+14,-113.6638549,37.72191657
3.74319E+14,-113.6985781,37.7219162
3.7432E+14,-113.6574658,37.7221944
3.7432E+14,-113.659688,37.7219166
3.7432E+14,-113.6699661,37.72219428
3.7432E+14,-113.6702439,37.72219427
3.7432E+14,-113.6835777,37.7221941
3.74321E+14,-113.6580214,37.72247217
3.74321E+14,-113.7035783,37.72247169
3.74327E+14,-113.6985781,37.72413837
3.74328E+14,-113.6988559,37.7244161
3.74329E+14,-113.6985781,37.7246939
3.74329E+14,-113.6988559,37.7246939
3.7433E+14,-113.6980226,37.72497169
3.7433E+14,-113.7019116,37.72497164
3.74332E+14,-113.655799,37.72552768
3.74343E+14,-113.5369067,37.7285844
3.74344E+14,-113.531351,37.72886226
3.74344E+14,-113.5366289,37.7288622
3.74344E+14,-113.5366289,37.7288622
3.74344E+14,-113.5407957,37.72886216
3.74344E+14,-113.5407957,37.72886216
3.74344E+14,-113.5407957,37.72886216
3.74345E+14,-113.6605215,37.72913864
3.74345E+14,-113.664966,37.7291386
3.74346E+14,-113.6510768,37.7294165
3.74346E+14,-113.6510768,37.7294165
3.74347E+14,-113.5727411,37.7296951
3.74348E+14,-113.6566325,37.729972
3.74354E+14,-113.6452433,37.73163874
3.74411E+14,-113.5149618,37.73636227
3.74411E+14,-113.6332986,37.73636098
3.74411E+14,-113.6332986,37.73636098
3.74412E+14,-113.6285762,37.7366388
3.74412E+14,-113.6285762,37.7366388
3.74412E+14,-113.6419099,37.73663865
3.74412E+14,-113.6466323,37.7366386
3.74412E+14,-113.6466323,37.7366386
3.74412E+14,-113.6649662,37.7366384
3.74412E+14,-113.6649662,37.7366384
3.74413E+14,-113.665244,37.73691617
3.74413E+14,-113.665244,37.73691617
3.74413E+14,-113.665244,37.73691617
3.74425E+14,-113.6505213,37.74024958
3.74425E+14,-113.6505213,37.74024958
3.74425E+14,-113.6580216,37.7402495
3.74433E+14,-113.6555215,37.74247169
3.74433E+14,-113.6555215,37.74247169
3.74437E+14,-113.619965,37.74358317
3.74437E+14,-113.6424656,37.7435829
3.74437E+14,-113.6430212,37.7435829
3.74438E+14,-113.616076,37.74386098
3.74438E+14,-113.6494103,37.7438606
3.74438E+14,-113.6544104,37.74386055
3.74438E+14,-113.6544104,37.74386055
3.74438E+14,-113.7480242,37.7438595
3.74441E+14,-113.7713584,37.7446925
3.74442E+14,-113.766636,37.74497034
3.74444E+14,-113.6007978,37.74552778
3.74444E+14,-113.7427463,37.74552619
3.74445E+14,-113.7466353,37.7458039
3.74445E+14,-113.766636,37.74580365
3.74446E+14,-113.6374655,37.7460829
3.74446E+14,-113.7466353,37.74608169
3.74447E+14,-113.7202456,37.74635975
3.74448E+14,-113.7202457,37.7466375
3.74457E+14,-113.6569105,37.74913817
3.74457E+14,-113.6569105,37.74913817
3.74457E+14,-113.710801,37.74913756
3.74459E+14,-113.6538549,37.74969374
3.74459E+14,-113.6538549,37.74969374
3.74501E+14,-113.6396878,37.75024945
3.74502E+14,-113.6346877,37.75052727
3.74503E+14,-113.5277402,37.75080625
3.74503E+14,-113.6010756,37.7508054
3.74503E+14,-113.710801,37.75080419
3.74504E+14,-113.6038535,37.75108317
3.74504E+14,-113.6091314,37.7510831
3.74504E+14,-113.6180206,37.751083
3.74504E+14,-113.6182983,37.751083
3.74504E+14,-113.6416323,37.75108274
3.74504E+14,-113.648577,37.75108266
3.74504E+14,-113.648577,37.75108266
3.74504E+14,-113.6566328,37.75108257
3.74504E+14,-113.6591328,37.75108254
3.74505E+14,-113.6091314,37.75136088
3.74505E+14,-113.6188539,37.75136077
3.74505E+14,-113.7277459,37.75135954
3.74506E+14,-113.6419101,37.75163828
3.74506E+14,-113.6421879,37.75163828
3.74506E+14,-113.6916338,37.7516377
3.74507E+14,-113.6660775,37.75191578
3.74508E+14,-113.6869114,37.7521933
3.74508E+14,-113.687467,37.7521933
3.74509E+14,-113.6871892,37.75247109
3.74509E+14,-113.687467,37.75247108
3.74509E+14,-113.687467,37.75247108
3.74509E+14,-113.7619136,37.7524702
3.74512E+14,-113.6660775,37.75330464
3.74512E+14,-113.6663553,37.7533046
3.74512E+14,-113.6663553,37.7533046
3.74513E+14,-113.6377434,37.7535827
3.74514E+14,-113.6396879,37.75386048
3.74514E+14,-113.7216346,37.75385955
3.74517E+14,-113.6332988,37.75469387
3.74517E+14,-113.7099676,37.754693
3.74517E+14,-113.7855256,37.75469204
3.74518E+14,-113.651077,37.75497144
3.74524E+14,-113.7060786,37.75830408
3.74525E+14,-113.7155233,37.7569151
3.74527E+14,-113.7871923,37.7574697
3.74529E+14,-113.7916369,37.7580252
3.7453E+14,-113.6055203,37.7583052
3.7453E+14,-113.6099649,37.75830517
3.7453E+14,-113.63691,37.75830486
3.7453E+14,-113.6388545,37.75830484
3.7453E+14,-113.647188,37.75830475
3.7453E+14,-113.6632997,37.75830456
3.7453E+14,-113.6632997,37.75830456
3.7453E+14,-113.7019119,37.7583041
3.7453E+14,-113.7099676,37.758304
3.74531E+14,-113.6969117,37.75858195
3.74531E+14,-113.7013563,37.7585819
3.74531E+14,-113.7013563,37.7585819
3.74537E+14,-113.6257986,37.76024939
3.74537E+14,-113.6549661,37.76024906
3.74537E+14,-113.7924703,37.76024737
3.74539E+14,-113.6424658,37.76080475
3.74541E+14,-113.6657998,37.76136
3.74542E+14,-113.6377434,37.7616381
3.74543E+14,-113.6541328,37.7619157
3.74543E+14,-113.6660775,37.76191557
3.74543E+14,-113.6663553,37.76191556
3.74545E+14,-113.7852478,37.76246965
3.74545E+14,-113.7916369,37.76246956
3.74547E+14,-113.6277432,37.76302709
3.74549E+14,-113.6332989,37.76358257
3.7455E+14,-113.6332989,37.76386034
3.7455E+14,-113.6332989,37.76386034
3.74551E+14,-113.6571884,37.76413784
3.74551E+14,-113.6574662,37.76413784
3.74551E+14,-113.6574662,37.76413784
3.74555E+14,-113.5457965,37.7652502
3.74555E+14,-113.628021,37.76524926
3.74555E+14,-113.6613552,37.76524888
3.74555E+14,-113.6707999,37.76524878
3.74556E+14,-113.5213514,37.76552826
3.74556E+14,-113.5738528,37.76552766
3.74556E+14,-113.6521883,37.76552676
3.74556E+14,-113.696634,37.76552625
3.74557E+14,-113.6594107,37.76580445
3.74558E+14,-113.6877448,37.7660819
3.74558E+14,-113.6994118,37.76608176
3.74558E+14,-113.6994118,37.76608176
3.74558E+14,-113.8044151,37.7660804
3.74559E+14,-113.6919116,37.7663596
3.74559E+14,-113.6919116,37.7663596
3.74602E+14,-113.6919116,37.7671929
3.74603E+14,-113.8133043,37.76746914
3.74604E+14,-113.6919116,37.76774848
3.74608E+14,-113.638299,37.76886018
3.74609E+14,-113.6532995,37.76913778
3.74612E+14,-113.655244,37.76997108
3.74615E+14,-113.8105264,37.77080244
3.74615E+14,-113.8119154,37.7708024
3.74616E+14,-113.7860811,37.77108056
3.74617E+14,-113.7855255,37.77135834
3.74617E+14,-113.7858033,37.7713583
3.74618E+14,-113.783581,37.77163614
3.74618E+14,-113.783581,37.77163614
3.74619E+14,-113.6569107,37.77191546
3.74621E+14,-113.5074623,37.7724727
3.74621E+14,-113.705523,37.77247045
3.74622E+14,-113.5096846,37.77275047
3.74622E+14,-113.5124624,37.7727504
3.74622E+14,-113.5149625,37.7727504
3.74622E+14,-113.5182959,37.77275037
3.74622E+14,-113.5213515,37.7727503
3.74622E+14,-113.5216293,37.7727503
3.74622E+14,-113.710801,37.77274816
3.74623E+14,-113.6288544,37.77302687
3.74623E+14,-113.6377435,37.77302677
3.74623E+14,-113.6877449,37.77302619
3.74623E+14,-113.7013563,37.773026
3.74623E+14,-113.7013563,37.773026
3.74623E+14,-113.701634,37.773026
3.74623E+14,-113.7063565,37.77302598
3.74625E+14,-113.6921894,37.77358169
3.74625E+14,-113.7063565,37.7735815
3.74628E+14,-113.6877449,37.77441505
3.74629E+14,-113.687467,37.7746928
3.7463E+14,-113.6285766,37.77497128
3.7463E+14,-113.6569107,37.77497095
3.74631E+14,-113.6277433,37.77524906
3.74632E+14,-113.6271877,37.7755268
3.74632E+14,-113.6282989,37.7755268
3.74635E+14,-113.7441352,37.7763588
3.74635E+14,-113.7721917,37.7763584
3.74636E+14,-113.5219072,37.77663914
3.74636E+14,-113.5219072,37.77663914
3.74636E+14,-113.6377436,37.7766378
3.74641E+14,-113.7335794,37.77802556
3.74642E+14,-113.6833003,37.7783039
3.74642E+14,-113.744413,37.7783032
3.74643E+14,-113.6924672,37.77858157
3.74643E+14,-113.7016341,37.77858147
3.74643E+14,-113.7308016,37.7785811
3.74645E+14,-113.5091291,37.77913924
3.74647E+14,-113.7435797,37.77969207
3.74648E+14,-113.6260766,37.7799712
3.74648E+14,-113.7199679,37.7799701
3.74648E+14,-113.8185822,37.77996879
3.74649E+14,-113.5160738,37.78025025
3.74649E+14,-113.5169071,37.78025024
3.74649E+14,-113.5180183,37.7802502
3.74649E+14,-113.518296,37.7802502
3.74649E+14,-113.5366299,37.78025
3.74649E+14,-113.5744086,37.78024957
3.74649E+14,-113.6274655,37.78024896
3.74649E+14,-113.6557996,37.7802486
3.74649E+14,-113.691356,37.7802482
3.74649E+14,-113.6916339,37.7802482
3.74649E+14,-113.696634,37.78024816
3.74649E+14,-113.7010786,37.7802481
3.74649E+14,-113.7016341,37.7802481
3.74649E+14,-113.7016341,37.7802481
3.74649E+14,-113.7063565,37.78024804
3.74649E+14,-113.7063565,37.78024804
3.74649E+14,-113.710801,37.78024799
3.74649E+14,-113.7474687,37.78024757
3.74649E+14,-113.7566356,37.78024745
3.7465E+14,-113.6460771,37.7805265
3.74651E+14,-113.5266296,37.78080567
3.74652E+14,-113.6271878,37.78108228
3.74652E+14,-113.7119122,37.7810813
3.74652E+14,-113.812193,37.78107997
3.74701E+14,-113.5046847,37.78358365
3.74701E+14,-113.5046847,37.78358365
3.74701E+14,-113.644966,37.783582
3.74702E+14,-113.6738557,37.78385946
3.74715E+14,-113.6296879,37.787471
3.74715E+14,-113.6560775,37.7874707
3.74715E+14,-113.6560775,37.7874707
3.74715E+14,-113.6577442,37.78747068
3.74715E+14,-113.6577442,37.78747068
3.74715E+14,-113.7016342,37.78747017
3.74715E+14,-113.7016342,37.78747017
3.74715E+14,-113.7105233,37.78747006
3.74716E+14,-113.6349658,37.7877487
3.74716E+14,-113.7566356,37.78774728
3.74717E+14,-113.7163568,37.7880255
3.74718E+14,-113.5163517,37.78830564
3.74719E+14,-113.6544107,37.7885818
3.74721E+14,-113.7105233,37.78913669
3.74722E+14,-113.6969118,37.7894146
3.74725E+14,-113.7166345,37.7902477
3.74729E+14,-113.6349658,37.79135975
3.74729E+14,-113.6924673,37.79135908
3.74729E+14,-113.6924673,37.79135908
3.7473E+14,-113.7155234,37.79163658
3.74738E+14,-113.62691,37.79385979
3.74739E+14,-113.7010786,37.79413669
3.74739E+14,-113.7016342,37.79413669
3.74739E+14,-113.7016342,37.79413669
3.74739E+14,-113.7158012,37.7941365
3.7474E+14,-113.7471909,37.7944139
3.7474E+14,-113.8574723,37.79441236
3.74741E+14,-113.6510774,37.7946928
3.74741E+14,-113.6607998,37.7946927
3.74741E+14,-113.6694112,37.7946926
3.74741E+14,-113.6741335,37.79469255
3.74741E+14,-113.6880227,37.79469239
3.74741E+14,-113.688856,37.79469238
3.74741E+14,-113.6963563,37.79469229
3.74741E+14,-113.6969118,37.79469229
3.74742E+14,-113.6830226,37.7949702
3.74742E+14,-113.7016342,37.79497
3.74742E+14,-113.7105233,37.7949699
3.74742E+14,-113.7563578,37.79496935
3.74743E+14,-113.6913562,37.7952479
3.74743E+14,-113.7849699,37.7952467
3.74743E+14,-113.8574723,37.79524568
3.74744E+14,-113.8933069,37.79552294
3.74745E+14,-113.6474662,37.79580395
3.74749E+14,-113.6571887,37.7969149
3.74749E+14,-113.8927513,37.7969118
3.74753E+14,-113.7802475,37.7980245
3.74806E+14,-113.6738558,37.80163685
3.74806E+14,-113.8494164,37.80163454
3.74807E+14,-113.6327437,37.8019151
3.74807E+14,-113.637466,37.80191505
3.74807E+14,-113.6741335,37.8019146
3.74807E+14,-113.6833004,37.8019145
3.74808E+14,-113.6921895,37.80219218
3.74808E+14,-113.7016342,37.80219207
3.74808E+14,-113.7063565,37.802192
3.74809E+14,-113.6933007,37.80246994
3.7481E+14,-113.691634,37.8027477
3.7481E+14,-113.691634,37.8027477
3.74815E+14,-113.8580278,37.80413437
3.74816E+14,-113.8560833,37.80441217
3.74817E+14,-113.6874672,37.80469218
3.74821E+14,-113.6613555,37.80580358
3.74822E+14,-113.6933007,37.80608097
3.74824E+14,-113.6621888,37.80663689
3.74829E+14,-113.6741336,37.8080256
3.7483E+14,-113.6860783,37.8083032
3.74831E+14,-113.6819115,37.80858105
3.74832E+14,-113.5646866,37.8088602
3.74832E+14,-113.5646866,37.8088602
3.74832E+14,-113.5824648,37.80886
3.74833E+14,-113.637466,37.8091371
3.74833E+14,-113.6466329,37.809137
3.74833E+14,-113.6466329,37.809137
3.74833E+14,-113.6546887,37.8091369
3.74833E+14,-113.6557998,37.8091369
3.74833E+14,-113.6694112,37.80913675
3.74833E+14,-113.6741336,37.80913669
3.74834E+14,-113.6835782,37.80941435
3.74835E+14,-113.6188545,37.80969289
3.74835E+14,-113.6783003,37.80969218
3.74835E+14,-113.6783003,37.80969218
3.74835E+14,-113.6921896,37.809692
3.74836E+14,-113.8458051,37.80996775
3.74852E+14,-113.8763616,37.81441166
3.74857E+14,-113.5099632,37.81580517
3.749E+14,-113.6377439,37.81663696
3.749E+14,-113.678856,37.81663647
3.74901E+14,-113.654411,37.8169145
3.74901E+14,-113.654411,37.8169145
3.74901E+14,-113.6552443,37.8169145
3.74902E+14,-113.841916,37.81718987
3.74904E+14,-113.6463552,37.81774795
3.74907E+14,-113.4435725,37.8185834
3.74907E+14,-113.677467,37.81858089
3.7492E+14,-113.6769115,37.8221919
3.74922E+14,-113.6921896,37.82274729
3.74923E+14,-113.7116345,37.8230248
3.74923E+14,-113.7555244,37.8230243
3.74925E+14,-113.8696947,37.8235782
3.74926E+14,-113.6469108,37.8238589
3.74926E+14,-113.6649668,37.8238587
3.74943E+14,-113.4785737,37.82858296
3.74948E+14,-113.8071927,37.82996786
3.74948E+14,-113.8071927,37.82996786
3.7495E+14,-113.7102456,37.83052469
3.74951E+14,-113.5094079,37.83080489
3.74952E+14,-113.7016343,37.8310803
3.74952E+14,-113.7016343,37.8310803
3.74952E+14,-113.7105234,37.8310802
3.74952E+14,-113.8741392,37.831078
3.74953E+14,-113.70969,37.831358
3.74954E+14,-113.7038566,37.83163585
3.74955E+14,-113.6933008,37.83191375
3.74957E+14,-113.6966342,37.83246925
3.75001E+14,-113.7016343,37.83358028
3.75003E+14,-113.7038566,37.8341358
3.75005E+14,-113.8385825,37.8346895
3.75007E+14,-113.705801,37.83524686
3.75008E+14,-113.6783005,37.83552497
3.75009E+14,-113.6299661,37.8358033
3.75009E+14,-113.6305217,37.8358033
3.75011E+14,-113.6299661,37.83635887
3.75014E+14,-113.6299661,37.83719218
3.75017E+14,-113.5463533,37.8380265
3.75017E+14,-113.6010766,37.83802585
3.75018E+14,-113.5463533,37.83830429
3.75018E+14,-113.5824652,37.83830385
3.75018E+14,-113.5824652,37.83830385
3.75018E+14,-113.6652447,37.83830284
3.75021E+14,-113.636633,37.8391365
3.75021E+14,-113.6871896,37.83913589
3.75023E+14,-113.6871896,37.8396914
3.75025E+14,-113.6871896,37.84024698
3.75025E+14,-113.6877451,37.84024697
3.75031E+14,-113.6655225,37.84191387
3.75044E+14,-113.6605224,37.84552497
3.75044E+14,-113.6741338,37.8455248
3.75046E+14,-113.6613557,37.8460805
3.75047E+14,-113.6649669,37.8463582
3.75049E+14,-113.7855253,37.8469122
3.75051E+14,-113.6921897,37.84746898
3.75052E+14,-113.8580274,37.8477445
3.75057E+14,-113.600799,37.8491367
3.75101E+14,-113.6774672,37.85024688
3.75109E+14,-113.5096861,37.8524711
3.75109E+14,-113.5646872,37.85247045
3.75109E+14,-113.6741338,37.8524691
3.7511E+14,-113.5099639,37.85274889
3.7511E+14,-113.6194105,37.85274754
3.75112E+14,-113.7485797,37.8533015
3.75113E+14,-113.690523,37.85357998
3.75128E+14,-113.6549668,37.857747
3.75128E+14,-113.6549668,37.857747
3.75128E+14,-113.7299683,37.85774607
3.75138E+14,-113.6555224,37.8605247
3.75142E+14,-113.8302487,37.8616335
3.75149E+14,-113.746913,37.86357907
3.752E+14,-113.6349665,37.86663595
3.75202E+14,-113.5094086,37.86719306
3.75202E+14,-113.5824655,37.86719215
3.75202E+14,-113.6771895,37.86719097
3.75205E+14,-113.7838585,37.8680229
3.75209E+14,-113.7824695,37.869134
3.75209E+14,-113.7824695,37.869134
3.75227E+14,-113.5824656,37.87413645
3.75227E+14,-113.6185774,37.874136
3.75228E+14,-113.6974677,37.87441278
3.75228E+14,-113.8021923,37.8744114
3.7523E+14,-113.8302486,37.87496655
3.75239E+14,-113.4727412,37.87747094
3.75239E+14,-113.4727412,37.87747094
3.7524E+14,-113.4724634,37.8777487
3.7524E+14,-113.4727412,37.8777487
3.75242E+14,-113.4849638,37.87830417
3.75245E+14,-113.4841305,37.87913749
3.75246E+14,-113.4838527,37.87941527
3.7525E+14,-113.694412,37.8805238
3.75252E+14,-113.4813527,37.8810819
3.75253E+14,-113.4907974,37.8813596
3.75253E+14,-113.4907974,37.8813596
3.75253E+14,-113.6991344,37.88135706
3.75254E+14,-113.5094089,37.8816372
3.75304E+14,-113.536076,37.8844146
3.75318E+14,-113.5891326,37.88830274
3.75319E+14,-113.582188,37.8885806
3.75324E+14,-113.582188,37.88996947
3.75339E+14,-113.5827437,37.89413604
3.75344E+14,-113.661356,37.8955239
3.75344E+14,-113.6744118,37.8955237
3.75347E+14,-113.6658006,37.89635716
3.75349E+14,-113.7169125,37.89691205
3.75359E+14,-113.6699674,37.89969037
3.75406E+14,-113.5194094,37.9016367
3.7541E+14,-113.6774675,37.90274576
3.75412E+14,-113.69469,37.90330108
3.75412E+14,-113.69469,37.90330108
3.75416E+14,-113.6944122,37.90441217
3.75421E+14,-113.6741341,37.90580129
3.75429E+14,-113.6783009,37.9080234
3.75437E+14,-113.5974663,37.9102466
3.75438E+14,-113.490798,37.9105257
3.75438E+14,-113.6077443,37.91052427
3.7544E+14,-113.6249667,37.91107959
3.75441E+14,-113.675523,37.9113567
3.75446E+14,-113.6199667,37.91274629
3.75447E+14,-113.4524636,37.91302595
3.75451E+14,-113.5974664,37.91413544
3.75451E+14,-113.5974664,37.91413544
3.75506E+14,-113.5824662,37.9183022
3.75515E+14,-113.4582973,37.9208035
3.7553E+14,-113.5788551,37.92496879
3.7553E+14,-113.5788551,37.92496879
3.7553E+14,-113.6108,37.92496838
3.7553E+14,-113.6174668,37.92496829
3.75531E+14,-113.6060777,37.9252462
3.75532E+14,-113.4374635,37.9255258
3.75532E+14,-113.5835774,37.92552428
3.75539E+14,-113.4905205,37.9274698
3.75548E+14,-113.609689,37.92996829
3.75551E+14,-113.4405192,37.93080347
3.75554E+14,-113.4905206,37.9316364
3.75623E+14,-113.4541309,37.93969208
3.75623E+14,-113.4541309,37.93969208
3.75623E+14,-113.4724647,37.93969195
3.75623E+14,-113.4724647,37.93969195
3.75625E+14,-113.5824665,37.9402462
3.75625E+14,-113.6152447,37.94024578
3.75625E+14,-113.6374672,37.94024549
3.75625E+14,-113.6374672,37.94024549
3.75625E+14,-113.6374672,37.94024549
3.75639E+14,-113.5219103,37.9441358
3.75648E+14,-113.555244,37.9466353
3.75707E+14,-113.5082991,37.95135808
3.75714E+14,-113.472465,37.95385834
3.75715E+14,-113.4360751,37.95413638
3.75715E+14,-113.4360751,37.95413638
3.75719E+14,-113.5644109,37.95524615
3.75719E+14,-113.5644109,37.95524615
3.75739E+14,-113.5102438,37.9608023
3.75751E+14,-113.4632983,37.96413599
3.75753E+14,-113.4644094,37.9646915
3.75754E+14,-113.4632983,37.9649693
3.75835E+14,-113.4360756,37.97635817
3.75835E+14,-113.4360756,37.97635817
